fonte,titulo,resumo,link,categoria
Agência Brasil - Clima,"Afetada por disputas geopolíticas, COP17 termina com poucos avanços",Notícia sobre Ação Climática e ODS 13.,https://agenciabrasil.ebc.com.br/meio-ambiente/noticia/2026-08/afetada-por-disputas-geopoliticas-cop17-termina-com-poucos-avancos,ODS 13 - Ação Climática
Agência Brasil - Clima,Degradação da terra e clima extremo ameaçam nômades na Mongólia,Notícia sobre Ação Climática e ODS 13.,https://agenciabrasil.ebc.com.br/meio-ambiente/noticia/2026-08/degradacao-da-terra-e-clima-extremo-ameacam-nomades-na-mongolia,ODS 13 - Ação Climática
Agência Brasil - Clima,Brasileira defende mais influência dos jovens nas decisões da COP17,Notícia sobre Ação Climática e ODS 13.,https://agenciabrasil.ebc.com.br/meio-ambiente/noticia/2026-08/brasileira-defende-mais-influencia-dos-jovens-nas-decisoes-da-cop17,ODS 13 - Ação Climática
Agência Brasil - Clima,"COP17 da Desertificação chega à Mongólia, país assolado pelo problema",Notícia sobre Ação Climática e ODS 13.,https://agenciabrasil.ebc.com.br/meio-ambiente/noticia/2026-08/cop17-discute-desertificacao-na-mongolia-pais-assolado-pelo-problema,ODS 13 - Ação Climática
Agência Brasil - Clima,Conferência de Bonn tem avanços limitados e impasses para COP31,Notícia sobre Ação Climática e ODS 13.,https://agenciabrasil.ebc.com.br/meio-ambiente/noticia/2026-06/conferencia-de-bonn-tem-avancos-limitados-e-impasses-para-cop31,ODS 13 - Ação Climática
Agência Brasil - Clima,Papa nomeia climatologista brasileiro para conselho da Igreja Católica,Notícia sobre Ação Climática e ODS 13.,https://agenciabrasil.ebc.com.br/meio-ambiente/noticia/2026-03/papa-nomeia-climatologista-brasileiro-para-conselho-da-igreja-catolica,ODS 13 - Ação Climática
Agência Brasil - Clima,Calor desigual impulsiona monitoramento do clima em favelas do Rio,Notícia sobre Ação Climática e ODS 13.,https://agenciabrasil.ebc.com.br/meio-ambiente/noticia/2026-03/calor-desigual-impulsiona-monitoramento-do-clima-em-favelas-do-rio,ODS 13 - Ação Climática
ONU News - Meio Ambiente,Clima e Meio Ambiente,Notícia sobre Ação Climática e ODS 13.,https://news.un.org/pt/news/topic/climate-change,ODS 13 - Ação Climática
ONU News - Meio Ambiente,BLOG AO VIVO: Cúpula do Clima 2026BR,FacebookTwitter,https://news.un.org/pt/story/2026/09/1854433,ODS 13 - Ação Climática
ONU News - Meio Ambiente,"Cúpula do Clima: acelerar transição, financiar soluções e proteger pessoasBR",FacebookTwitter,https://news.un.org/pt/story/2026/09/1854425,ODS 13 - Ação Climática
ONU News - Meio Ambiente,"Sistemas alimentares resilientes podem combater choques do clima, diz relatórioBR",FacebookTwitter,https://news.un.org/pt/story/2026/09/1854408,ODS 13 - Ação Climática
ONU News - Meio Ambiente,Central Park de Nova Iorque se adapta às mudanças do clima encarando o calorBR,FacebookTwitter,https://news.un.org/pt/story/2026/09/1854337,ODS 13 - Ação Climática
ONU News - Meio Ambiente,Copyright (Direitos de reprodução),Notícia sobre Ação Climática e ODS 13.,https://news.un.org/pt/content/copyright,ODS 13 - Ação Climática
